-- Seed data for underwater photography contest

INSERT OR IGNORE INTO categories (id, name, description) VALUES ('wide-angle', 'Wide Angle', 'Expansive underwater scenes, coral reefs, and seascapes that showcase the vastness of the underwater world');
INSERT OR IGNORE INTO categories (id, name, description) VALUES ('macro', 'Macro', 'Close-up photography of small marine life, textures, and intricate underwater details');
INSERT OR IGNORE INTO categories (id, name, description) VALUES ('black-and-white', 'Black & White', 'Monochrome underwater photography emphasizing contrast, composition, and artistic expression');
INSERT OR IGNORE INTO categories (id, name, description) VALUES ('mediterranean', 'Mediterranean Portfolio', 'Portfolio of underwater photography from the Mediterranean Sea');
INSERT OR IGNORE INTO categories (id, name, description) VALUES ('storyboard', 'Storyboard', 'Storyboard');
INSERT OR IGNORE INTO categories (id, name, description) VALUES ('compact', 'Compact', 'Compact');
INSERT OR IGNORE INTO categories (id, name, description) VALUES ('molluscs', 'Molluscs', 'Molluscs');
INSERT OR IGNORE INTO categories (id, name, description) VALUES ('the-sea', 'The Sea', 'The Sea');
INSERT OR IGNORE INTO categories (id, name, description) VALUES ('dan-europe-photography-security', 'Dan Europe Photography Security', 'Dan Europe Photography Security');
INSERT OR IGNORE INTO categories (id, name, description) VALUES ('giovanni-smorti-award', 'Giovanni Smorti Award', 'Giovanni Smorti Award');
INSERT OR IGNORE INTO categories (id, name, description) VALUES ('seahorse', 'Seahorse', 'Seahorse');
INSERT OR IGNORE INTO categories (id, name, description) VALUES ('waves', 'Waves', 'Waves');
INSERT OR IGNORE INTO categories (id, name, description) VALUES ('newcomers', 'Newcomers', 'Newcomers');
INSERT OR IGNORE INTO categories (id, name, description) VALUES ('the-professions-of-the-sea', 'The Professions of the Sea', 'The Professions of the Sea');
INSERT OR IGNORE INTO categories (id, name, description) VALUES ('art-in-the-water', 'Art in the Water', 'Art in the Water');
INSERT OR IGNORE INTO categories (id, name, description) VALUES ('trabocchi-coast', 'Trabocchi Coast', 'Trabocchi Coast');
INSERT OR IGNORE INTO categories (id, name, description) VALUES ('environment', 'Environment', 'Environment');
INSERT OR IGNORE INTO categories (id, name, description) VALUES ('open', 'Open', 'Open');
INSERT OR IGNORE INTO categories (id, name, description) VALUES ('the-sea-in-motion', 'The Sea in Motion', 'The Sea in Motion');
INSERT OR IGNORE INTO categories (id, name, description) VALUES ('fresh-waters', 'Fresh Waters', 'Fresh water underwater photography featuring lakes, rivers, and freshwater life');
INSERT OR IGNORE INTO categories (id, name, description) VALUES ('dan-europe', 'Dan Europe', 'DAN Europe photography security and safety underwater photography');
INSERT OR IGNORE INTO categories (id, name, description) VALUES ('photo-journalism', 'Photo Journalism', 'Documentary underwater photography telling stories about marine conservation, human impact, and underwater events');
INSERT OR IGNORE INTO categories (id, name, description) VALUES ('pool', 'Pool', 'Underwater photography taken in swimming pools, featuring artistic underwater portraits and creative compositions');
INSERT OR IGNORE INTO categories (id, name, description) VALUES ('special-mention', 'Special Mention', 'Special mentions and honorable recognitions in the contest');

INSERT OR IGNORE INTO contests (id, name, description, start_date, end_date, is_active) VALUES ('uw-2025', 'UW Contest 2025', 'Annual underwater photography competition celebrating the beauty and diversity of marine life', '2025-01-01', '2025-12-31', true);
INSERT OR IGNORE INTO contests (id, name, description, start_date, end_date, is_active) VALUES ('uw-2024', 'UW Contest 2024', 'Annual underwater photography competition celebrating the beauty and diversity of marine life', '2024-01-01', '2024-12-31', false);
INSERT OR IGNORE INTO contests (id, name, description, start_date, end_date, is_active) VALUES ('uw-2014', 'UW Contest 2014', 'Annual underwater photography competition celebrating the beauty and diversity of marine life', '2014-01-01', '2014-12-31', false);
INSERT OR IGNORE INTO contests (id, name, description, start_date, end_date, is_active) VALUES ('uw-2015', 'UW Contest 2015', 'Annual underwater photography competition celebrating the beauty and diversity of marine life', '2015-01-01', '2015-12-31', false);
INSERT OR IGNORE INTO contests (id, name, description, start_date, end_date, is_active) VALUES ('uw-2016', 'UW Contest 2016', 'Annual underwater photography competition celebrating the beauty and diversity of marine life', '2016-01-01', '2016-12-31', false);
INSERT OR IGNORE INTO contests (id, name, description, start_date, end_date, is_active) VALUES ('uw-2017', 'UW Contest 2017', 'Annual underwater photography competition celebrating the beauty and diversity of marine life', '2017-01-01', '2017-12-31', false);
INSERT OR IGNORE INTO contests (id, name, description, start_date, end_date, is_active) VALUES ('uw-2018', 'UW Contest 2018', 'Annual underwater photography competition celebrating the beauty and diversity of marine life', '2018-01-01', '2018-12-31', false);
INSERT OR IGNORE INTO contests (id, name, description, start_date, end_date, is_active) VALUES ('uw-2019', 'UW Contest 2019', 'Annual underwater photography competition celebrating the beauty and diversity of marine life', '2019-01-01', '2019-12-31', false);
INSERT OR IGNORE INTO contests (id, name, description, start_date, end_date, is_active) VALUES ('uw-2013', 'UW Contest 2013', 'Annual underwater photography competition celebrating the beauty and diversity of marine life', '2013-01-01', '2013-12-31', false);
INSERT OR IGNORE INTO contests (id, name, description, start_date, end_date, is_active) VALUES ('uw-2009', 'UW Contest 2009', 'Annual underwater photography competition celebrating the beauty and diversity of marine life', '2009-01-01', '2009-12-31', false);

INSERT OR IGNORE INTO judges (id, contest_id, full_name) VALUES ('hFVaghDGNrTTJ81AEtYYb', 'uw-2024', 'Pietro Formis');
INSERT OR IGNORE INTO judges (id, contest_id, full_name) VALUES ('c3P3ObUsCz6MPS0-y2jn-', 'uw-2024', 'Domenico Roscigno');
INSERT OR IGNORE INTO judges (id, contest_id, full_name) VALUES ('Tyhj_T1A6HvfgXlXnJlbs', 'uw-2024', 'Pasquale Vassallo');
INSERT OR IGNORE INTO judges (id, contest_id, full_name) VALUES ('_WE64WaXkGWKZY4KKJ9E2', 'uw-2014', 'Alberto Balbi');
INSERT OR IGNORE INTO judges (id, contest_id, full_name) VALUES ('9olz-TbqNPMxik0Y9h7t5', 'uw-2014', 'Franco Banfi');
INSERT OR IGNORE INTO judges (id, contest_id, full_name) VALUES ('gSA_qpCyEDi4FQzR0uKJq', 'uw-2014', 'Paolo Fossati');
INSERT OR IGNORE INTO judges (id, contest_id, full_name) VALUES ('MZo__zuJs-ZJYya2LKXaz', 'uw-2015', 'Alberto Balbi');
INSERT OR IGNORE INTO judges (id, contest_id, full_name) VALUES ('QgQAS7eNaA7WnD-UwiFtb', 'uw-2015', 'Franco Banfi');
INSERT OR IGNORE INTO judges (id, contest_id, full_name) VALUES ('2GkSYS1ybVTLMb44icfo4', 'uw-2015', 'Paolo Fossati');
INSERT OR IGNORE INTO judges (id, contest_id, full_name) VALUES ('y-qcLm4AVJS10Cozxg7pV', 'uw-2016', 'Marco Colombo');
INSERT OR IGNORE INTO judges (id, contest_id, full_name) VALUES ('BaMA23BKV7_YEFvPsWyLd', 'uw-2016', 'Paolo Fossati');
INSERT OR IGNORE INTO judges (id, contest_id, full_name) VALUES ('TyVH3J7AyJRXnf1wYtt0i', 'uw-2016', 'Davide Vezzaro');
INSERT OR IGNORE INTO judges (id, contest_id, full_name) VALUES ('Ng5AaFCuiwLtD7SqwrQAl', 'uw-2017', 'Marco Colombo');
INSERT OR IGNORE INTO judges (id, contest_id, full_name) VALUES ('UEv9f6aY4SjvtUS4-7Awc', 'uw-2017', 'Marcello Di Francesco');
INSERT OR IGNORE INTO judges (id, contest_id, full_name) VALUES ('KBSXeBnv4TUoAaCBV2KON', 'uw-2017', 'Davide Vezzaro');
INSERT OR IGNORE INTO judges (id, contest_id, full_name) VALUES ('SjN7aGnAxPD5c9fZwMQ35', 'uw-2018', 'Domenico Roscigno');
INSERT OR IGNORE INTO judges (id, contest_id, full_name) VALUES ('5SWs4u-4kWFNaMYCn60Tn', 'uw-2018', 'Davide Vezzaro');
INSERT OR IGNORE INTO judges (id, contest_id, full_name) VALUES ('ZbZDPPjDmXnWRp48HSJ9A', 'uw-2018', 'Massimo Zannini');
INSERT OR IGNORE INTO judges (id, contest_id, full_name) VALUES ('CBxacxdC364WrDXBza0wr', 'uw-2019', 'Isabella Maffei');
INSERT OR IGNORE INTO judges (id, contest_id, full_name) VALUES ('_YfXX_5vJE3dzJ3IUqVYa', 'uw-2019', 'David Salvatori');
INSERT OR IGNORE INTO judges (id, contest_id, full_name) VALUES ('Fs7qtSrOqhQhWqnEnY7Vd', 'uw-2019', 'Massimo Zannini');
INSERT OR IGNORE INTO judges (id, contest_id, full_name) VALUES ('N67zqiPM2-5zYcGJAXZDf', 'uw-2013', 'Silvia Boccato');
INSERT OR IGNORE INTO judges (id, contest_id, full_name) VALUES ('NpghxFMYJ2lVrR2WX2XKQ', 'uw-2013', 'Paolo Fossati');
INSERT OR IGNORE INTO judges (id, contest_id, full_name) VALUES ('g-YwRTPz61sRsZZZYKzzM', 'uw-2013', 'Claudio Giulianini');
INSERT OR IGNORE INTO judges (id, contest_id, full_name) VALUES ('obZ2INZdbFYsGbqFjbw2h', 'uw-2013', 'Giuseppe Pignataro');