-- Seed data for underwater photography contest

INSERT OR IGNORE INTO categories (id, name, description) VALUES ('wide-angle', 'Wide Angle', 'Expansive underwater scenes, coral reefs, and seascapes that showcase the vastness of the underwater world');
INSERT OR IGNORE INTO categories (id, name, description) VALUES ('macro', 'Macro', 'Close-up photography of small marine life, textures, and intricate underwater details');
INSERT OR IGNORE INTO categories (id, name, description) VALUES ('black-and-white', 'Black & White', 'Monochrome underwater photography emphasizing contrast, composition, and artistic expression');
INSERT OR IGNORE INTO categories (id, name, description) VALUES ('black-background', 'Black Background', 'Underwater photography with black backgrounds emphasizing the subject against darkness');
INSERT OR IGNORE INTO categories (id, name, description) VALUES ('mediterranean', 'Mediterranean Portfolio', 'Portfolio of underwater photography from the Mediterranean Sea');
INSERT OR IGNORE INTO categories (id, name, description) VALUES ('storyboard', 'Storyboard', 'Storyboard');
INSERT OR IGNORE INTO categories (id, name, description) VALUES ('compact', 'Compact', 'Compact');
INSERT OR IGNORE INTO categories (id, name, description) VALUES ('molluscs', 'Molluscs', 'Molluscs');
INSERT OR IGNORE INTO categories (id, name, description) VALUES ('the-sea', 'The Sea', 'The Sea');
INSERT OR IGNORE INTO categories (id, name, description) VALUES ('dan-europe-photography-security', 'Dan Europe Photography Security', 'Dan Europe Photography Security');
INSERT OR IGNORE INTO categories (id, name, description) VALUES ('giovanni-smorti-award', 'Giovanni Smorti Award', 'Giovanni Smorti Award');
INSERT OR IGNORE INTO categories (id, name, description) VALUES ('seahorse', 'Seahorse', 'Seahorse');
INSERT OR IGNORE INTO categories (id, name, description) VALUES ('waves', 'Waves', 'Waves');
INSERT OR IGNORE INTO categories (id, name, description) VALUES ('newcomers', 'Newcomers', 'Newcomers');
INSERT OR IGNORE INTO categories (id, name, description) VALUES ('the-professions-of-the-sea', 'The Professions of the Sea', 'The Professions of the Sea');
INSERT OR IGNORE INTO categories (id, name, description) VALUES ('art-in-the-water', 'Art in the Water', 'Art in the Water');
INSERT OR IGNORE INTO categories (id, name, description) VALUES ('trabocchi-coast', 'Trabocchi Coast', 'Trabocchi Coast');
INSERT OR IGNORE INTO categories (id, name, description) VALUES ('environment', 'Environment', 'Environment');
INSERT OR IGNORE INTO categories (id, name, description) VALUES ('open', 'Open', 'Open');
INSERT OR IGNORE INTO categories (id, name, description) VALUES ('the-sea-in-motion', 'The Sea in Motion', 'The Sea in Motion');
INSERT OR IGNORE INTO categories (id, name, description) VALUES ('fresh-waters', 'Fresh Waters', 'Fresh water underwater photography featuring lakes, rivers, and freshwater life');
INSERT OR IGNORE INTO categories (id, name, description) VALUES ('dan-europe', 'Dan Europe', 'DAN Europe photography security and safety underwater photography');
INSERT OR IGNORE INTO categories (id, name, description) VALUES ('photo-journalism', 'Photo Journalism', 'Documentary underwater photography telling stories about marine conservation, human impact, and underwater events');
INSERT OR IGNORE INTO categories (id, name, description) VALUES ('pool', 'Pool', 'Underwater photography taken in swimming pools, featuring artistic underwater portraits and creative compositions');
INSERT OR IGNORE INTO categories (id, name, description) VALUES ('special-mention', 'Special Mention', 'Special mentions and honorable recognitions in the contest');

INSERT OR IGNORE INTO contests (id, name, description, start_date, end_date, is_active) VALUES ('uw-2025', 'UW Contest 2025', 'Annual underwater photography competition celebrating the beauty and diversity of marine life', '2025-01-01', '2025-12-31', true);
INSERT OR IGNORE INTO contests (id, name, description, start_date, end_date, is_active) VALUES ('uw-2024', 'UW Contest 2024', 'Annual underwater photography competition celebrating the beauty and diversity of marine life', '2024-01-01', '2024-12-31', false);
INSERT OR IGNORE INTO contests (id, name, description, start_date, end_date, is_active) VALUES ('uw-2014', 'UW Contest 2014', 'Annual underwater photography competition celebrating the beauty and diversity of marine life', '2014-01-01', '2014-12-31', false);
INSERT OR IGNORE INTO contests (id, name, description, start_date, end_date, is_active) VALUES ('uw-2015', 'UW Contest 2015', 'Annual underwater photography competition celebrating the beauty and diversity of marine life', '2015-01-01', '2015-12-31', false);
INSERT OR IGNORE INTO contests (id, name, description, start_date, end_date, is_active) VALUES ('uw-2016', 'UW Contest 2016', 'Annual underwater photography competition celebrating the beauty and diversity of marine life', '2016-01-01', '2016-12-31', false);
INSERT OR IGNORE INTO contests (id, name, description, start_date, end_date, is_active) VALUES ('uw-2017', 'UW Contest 2017', 'Annual underwater photography competition celebrating the beauty and diversity of marine life', '2017-01-01', '2017-12-31', false);
INSERT OR IGNORE INTO contests (id, name, description, start_date, end_date, is_active) VALUES ('uw-2018', 'UW Contest 2018', 'Annual underwater photography competition celebrating the beauty and diversity of marine life', '2018-01-01', '2018-12-31', false);
INSERT OR IGNORE INTO contests (id, name, description, start_date, end_date, is_active) VALUES ('uw-2019', 'UW Contest 2019', 'Annual underwater photography competition celebrating the beauty and diversity of marine life', '2019-01-01', '2019-12-31', false);
INSERT OR IGNORE INTO contests (id, name, description, start_date, end_date, is_active) VALUES ('uw-2013', 'UW Contest 2013', 'Annual underwater photography competition celebrating the beauty and diversity of marine life', '2013-01-01', '2013-12-31', false);
INSERT OR IGNORE INTO contests (id, name, description, start_date, end_date, is_active) VALUES ('uw-2009', 'UW Contest 2009', 'Annual underwater photography competition celebrating the beauty and diversity of marine life', '2009-01-01', '2009-12-31', false);

INSERT OR IGNORE INTO judges (id, contest_id, full_name) VALUES ('rBPsm741bxC26RicNNNnt', 'uw-2024', 'Pietro Formis');
INSERT OR IGNORE INTO judges (id, contest_id, full_name) VALUES ('lMju8YTJ-b25iuYticam-', 'uw-2024', 'Domenico Roscigno');
INSERT OR IGNORE INTO judges (id, contest_id, full_name) VALUES ('Fg2T4pJhCX66wPuNKfeki', 'uw-2024', 'Pasquale Vassallo');
INSERT OR IGNORE INTO judges (id, contest_id, full_name) VALUES ('4dMAPqP-gidHNwQZg3XQ2', 'uw-2014', 'Alberto Balbi');
INSERT OR IGNORE INTO judges (id, contest_id, full_name) VALUES ('27MJXTHJpFpbqP04mD_I9', 'uw-2014', 'Franco Banfi');
INSERT OR IGNORE INTO judges (id, contest_id, full_name) VALUES ('8MWq3KVaHggdALMcLNzsD', 'uw-2014', 'Paolo Fossati');
INSERT OR IGNORE INTO judges (id, contest_id, full_name) VALUES ('myrwSogdGm9QacKpya0Kn', 'uw-2015', 'Alberto Balbi');
INSERT OR IGNORE INTO judges (id, contest_id, full_name) VALUES ('0zh28RdDxB_ryQheGxQUf', 'uw-2015', 'Franco Banfi');
INSERT OR IGNORE INTO judges (id, contest_id, full_name) VALUES ('6OFH9-YJ21TVtB21DoKd4', 'uw-2015', 'Paolo Fossati');
INSERT OR IGNORE INTO judges (id, contest_id, full_name) VALUES ('BPYZnby3HuA_3JgA02QG1', 'uw-2016', 'Marco Colombo');
INSERT OR IGNORE INTO judges (id, contest_id, full_name) VALUES ('KwEZsPZT27HUnUHyQAeZR', 'uw-2016', 'Paolo Fossati');
INSERT OR IGNORE INTO judges (id, contest_id, full_name) VALUES ('BZD7ScZiQTUZhCh8y7HHN', 'uw-2016', 'Davide Vezzaro');
INSERT OR IGNORE INTO judges (id, contest_id, full_name) VALUES ('g1jomEVBiWMm9CPtfFhCy', 'uw-2017', 'Marco Colombo');
INSERT OR IGNORE INTO judges (id, contest_id, full_name) VALUES ('DWpwOm6fPGCHDnzbDLP_U', 'uw-2017', 'Marcello Di Francesco');
INSERT OR IGNORE INTO judges (id, contest_id, full_name) VALUES ('oelpB1kgbPWiIJEAP-WXT', 'uw-2017', 'Davide Vezzaro');
INSERT OR IGNORE INTO judges (id, contest_id, full_name) VALUES ('K_Ru24mEZEZuK4JAahin7', 'uw-2018', 'Domenico Roscigno');
INSERT OR IGNORE INTO judges (id, contest_id, full_name) VALUES ('fuBDJw8P32UMuxUMtzdS3', 'uw-2018', 'Davide Vezzaro');
INSERT OR IGNORE INTO judges (id, contest_id, full_name) VALUES ('A3ydvNYmylk6axPI9rYq4', 'uw-2018', 'Massimo Zannini');
INSERT OR IGNORE INTO judges (id, contest_id, full_name) VALUES ('bsWGTy_9Dp7GZRuN8j-Lp', 'uw-2019', 'Isabella Maffei');
INSERT OR IGNORE INTO judges (id, contest_id, full_name) VALUES ('2tv-kerjQoVclF4rOYUxn', 'uw-2019', 'David Salvatori');
INSERT OR IGNORE INTO judges (id, contest_id, full_name) VALUES ('C4k8b4PUuRQ32fCGM2JJB', 'uw-2019', 'Massimo Zannini');
INSERT OR IGNORE INTO judges (id, contest_id, full_name) VALUES ('C1XjqqfJNVLsch1m-E-Fl', 'uw-2013', 'Silvia Boccato');
INSERT OR IGNORE INTO judges (id, contest_id, full_name) VALUES ('E1A6RNnXaaElcuf18r4tx', 'uw-2013', 'Paolo Fossati');
INSERT OR IGNORE INTO judges (id, contest_id, full_name) VALUES ('a66DBu7KlIZ47ogIYp8UZ', 'uw-2013', 'Claudio Giulianini');
INSERT OR IGNORE INTO judges (id, contest_id, full_name) VALUES ('FJVM9R18QMWQIdaR7yde7', 'uw-2013', 'Giuseppe Pignataro');