-- Seed data for underwater photography contest

INSERT OR IGNORE INTO categories (id, name, description) VALUES ('wide-angle', 'Wide Angle', 'Expansive underwater scenes, coral reefs, and seascapes that showcase the vastness of the underwater world');
INSERT OR IGNORE INTO categories (id, name, description) VALUES ('macro', 'Macro', 'Close-up photography of small marine life, textures, and intricate underwater details');
INSERT OR IGNORE INTO categories (id, name, description) VALUES ('black-and-white', 'Black & White', 'Monochrome underwater photography emphasizing contrast, composition, and artistic expression');
INSERT OR IGNORE INTO categories (id, name, description) VALUES ('black-background', 'Black Background', 'Underwater photography with black backgrounds emphasizing the subject against darkness');
INSERT OR IGNORE INTO categories (id, name, description) VALUES ('mediterranean', 'Mediterranean Portfolio', 'Portfolio of underwater photography from the Mediterranean Sea');
INSERT OR IGNORE INTO categories (id, name, description) VALUES ('storyboard', 'Storyboard', 'Storyboard');
INSERT OR IGNORE INTO categories (id, name, description) VALUES ('compact', 'Compact', 'Compact');
INSERT OR IGNORE INTO categories (id, name, description) VALUES ('molluscs', 'Molluscs', 'Molluscs');
INSERT OR IGNORE INTO categories (id, name, description) VALUES ('the-sea', 'The Sea', 'The Sea');
INSERT OR IGNORE INTO categories (id, name, description) VALUES ('dan-europe-photography-security', 'Dan Europe Photography Security', 'Dan Europe Photography Security');
INSERT OR IGNORE INTO categories (id, name, description) VALUES ('giovanni-smorti-award', 'Giovanni Smorti Award', 'Giovanni Smorti Award');
INSERT OR IGNORE INTO categories (id, name, description) VALUES ('seahorse', 'Seahorse', 'Seahorse');
INSERT OR IGNORE INTO categories (id, name, description) VALUES ('waves', 'Waves', 'Waves');
INSERT OR IGNORE INTO categories (id, name, description) VALUES ('newcomers', 'Newcomers', 'Newcomers');
INSERT OR IGNORE INTO categories (id, name, description) VALUES ('the-professions-of-the-sea', 'The Professions of the Sea', 'The Professions of the Sea');
INSERT OR IGNORE INTO categories (id, name, description) VALUES ('art-in-the-water', 'Art in the Water', 'Art in the Water');
INSERT OR IGNORE INTO categories (id, name, description) VALUES ('trabocchi-coast', 'Trabocchi Coast', 'Trabocchi Coast');
INSERT OR IGNORE INTO categories (id, name, description) VALUES ('environment', 'Environment', 'Environment');
INSERT OR IGNORE INTO categories (id, name, description) VALUES ('open', 'Open', 'Open');
INSERT OR IGNORE INTO categories (id, name, description) VALUES ('the-sea-in-motion', 'The Sea in Motion', 'The Sea in Motion');
INSERT OR IGNORE INTO categories (id, name, description) VALUES ('fresh-waters', 'Fresh Waters', 'Fresh water underwater photography featuring lakes, rivers, and freshwater life');
INSERT OR IGNORE INTO categories (id, name, description) VALUES ('dan-europe', 'Dan Europe', 'DAN Europe photography security and safety underwater photography');
INSERT OR IGNORE INTO categories (id, name, description) VALUES ('photo-journalism', 'Photo Journalism', 'Documentary underwater photography telling stories about marine conservation, human impact, and underwater events');
INSERT OR IGNORE INTO categories (id, name, description) VALUES ('pool', 'Pool', 'Underwater photography taken in swimming pools, featuring artistic underwater portraits and creative compositions');
INSERT OR IGNORE INTO categories (id, name, description) VALUES ('special-mention', 'Special Mention', 'Special mentions and honorable recognitions in the contest');

INSERT OR IGNORE INTO contests (id, name, description, year, status) VALUES ('uw-2025', 'UW Contest 2025', 'Annual underwater photography competition celebrating the beauty and diversity of marine life', 2025, 'active');
INSERT OR IGNORE INTO contests (id, name, description, year, status) VALUES ('uw-2024', 'UW Contest 2024', 'Annual underwater photography competition celebrating the beauty and diversity of marine life', 2024, 'inactive');
INSERT OR IGNORE INTO contests (id, name, description, year, status) VALUES ('uw-2014', 'UW Contest 2014', 'Annual underwater photography competition celebrating the beauty and diversity of marine life', 2014, 'inactive');
INSERT OR IGNORE INTO contests (id, name, description, year, status) VALUES ('uw-2015', 'UW Contest 2015', 'Annual underwater photography competition celebrating the beauty and diversity of marine life', 2015, 'inactive');
INSERT OR IGNORE INTO contests (id, name, description, year, status) VALUES ('uw-2016', 'UW Contest 2016', 'Annual underwater photography competition celebrating the beauty and diversity of marine life', 2016, 'inactive');
INSERT OR IGNORE INTO contests (id, name, description, year, status) VALUES ('uw-2017', 'UW Contest 2017', 'Annual underwater photography competition celebrating the beauty and diversity of marine life', 2017, 'inactive');
INSERT OR IGNORE INTO contests (id, name, description, year, status) VALUES ('uw-2018', 'UW Contest 2018', 'Annual underwater photography competition celebrating the beauty and diversity of marine life', 2018, 'inactive');
INSERT OR IGNORE INTO contests (id, name, description, year, status) VALUES ('uw-2019', 'UW Contest 2019', 'Annual underwater photography competition celebrating the beauty and diversity of marine life', 2019, 'inactive');
INSERT OR IGNORE INTO contests (id, name, description, year, status) VALUES ('uw-2013', 'UW Contest 2013', 'Annual underwater photography competition celebrating the beauty and diversity of marine life', 2013, 'inactive');
INSERT OR IGNORE INTO contests (id, name, description, year, status) VALUES ('uw-2009', 'UW Contest 2009', 'Annual underwater photography competition celebrating the beauty and diversity of marine life', 2009, 'inactive');

INSERT OR IGNORE INTO judges (id, contest_id, full_name) VALUES ('XCob3YDRWOUjt5JrauVcR', 'uw-2024', 'Pietro Formis');
INSERT OR IGNORE INTO judges (id, contest_id, full_name) VALUES ('4yk7rZqb_CIb-nbm-tHm4', 'uw-2024', 'Domenico Roscigno');
INSERT OR IGNORE INTO judges (id, contest_id, full_name) VALUES ('n5c3EROUVploZCY71NTmZ', 'uw-2024', 'Pasquale Vassallo');
INSERT OR IGNORE INTO judges (id, contest_id, full_name) VALUES ('iid2Po6sk9z4OXmfY01dE', 'uw-2014', 'Alberto Balbi');
INSERT OR IGNORE INTO judges (id, contest_id, full_name) VALUES ('_d5xr0h4IKoKFXV0kAGHz', 'uw-2014', 'Franco Banfi');
INSERT OR IGNORE INTO judges (id, contest_id, full_name) VALUES ('vXICnJV0iwcF5hispZMpR', 'uw-2014', 'Paolo Fossati');
INSERT OR IGNORE INTO judges (id, contest_id, full_name) VALUES ('Dccc14iLbfWPMj6u_vMFb', 'uw-2015', 'Alberto Balbi');
INSERT OR IGNORE INTO judges (id, contest_id, full_name) VALUES ('5U7cEd0Jsn91m-HWV6JKE', 'uw-2015', 'Franco Banfi');
INSERT OR IGNORE INTO judges (id, contest_id, full_name) VALUES ('fAkS9ndU94lnZvXM5f0y0', 'uw-2015', 'Paolo Fossati');
INSERT OR IGNORE INTO judges (id, contest_id, full_name) VALUES ('uDPIHXsR5ksqymQlfATFx', 'uw-2016', 'Marco Colombo');
INSERT OR IGNORE INTO judges (id, contest_id, full_name) VALUES ('xWqMS5d6OTa53ZoZ_oyKr', 'uw-2016', 'Paolo Fossati');
INSERT OR IGNORE INTO judges (id, contest_id, full_name) VALUES ('T4afpusYsEMShZzF92u-m', 'uw-2016', 'Davide Vezzaro');
INSERT OR IGNORE INTO judges (id, contest_id, full_name) VALUES ('_PyNUGrG1P6iDC4IPvGEd', 'uw-2017', 'Marco Colombo');
INSERT OR IGNORE INTO judges (id, contest_id, full_name) VALUES ('PizGpZeyin0d7yZhIwMG_', 'uw-2017', 'Marcello Di Francesco');
INSERT OR IGNORE INTO judges (id, contest_id, full_name) VALUES ('NOV4mIRFF1rFPFQs8RWtj', 'uw-2017', 'Davide Vezzaro');
INSERT OR IGNORE INTO judges (id, contest_id, full_name) VALUES ('-vvKV_OkzSCRCS1hVoIJ8', 'uw-2018', 'Domenico Roscigno');
INSERT OR IGNORE INTO judges (id, contest_id, full_name) VALUES ('32P2tWKhiwM1EGytivVby', 'uw-2018', 'Davide Vezzaro');
INSERT OR IGNORE INTO judges (id, contest_id, full_name) VALUES ('6zrvyuRyTsXGSK_S0DhZ1', 'uw-2018', 'Massimo Zannini');
INSERT OR IGNORE INTO judges (id, contest_id, full_name) VALUES ('tqTqSsgzcJhPHSuB_99Uw', 'uw-2019', 'Isabella Maffei');
INSERT OR IGNORE INTO judges (id, contest_id, full_name) VALUES ('pybSuoO2yd485qaHJ1xeP', 'uw-2019', 'David Salvatori');
INSERT OR IGNORE INTO judges (id, contest_id, full_name) VALUES ('98sEWJH12H_4uORIFFVwB', 'uw-2019', 'Massimo Zannini');
INSERT OR IGNORE INTO judges (id, contest_id, full_name) VALUES ('wdSbgerHzdorT3LCV_wwK', 'uw-2013', 'Silvia Boccato');
INSERT OR IGNORE INTO judges (id, contest_id, full_name) VALUES ('PYNwaqKb5C0Z00Wnw8N1U', 'uw-2013', 'Paolo Fossati');
INSERT OR IGNORE INTO judges (id, contest_id, full_name) VALUES ('TW8fRnc3tUwaGAJPbWcCQ', 'uw-2013', 'Claudio Giulianini');
INSERT OR IGNORE INTO judges (id, contest_id, full_name) VALUES ('0DF1dJjq0zKUafyTNY0NX', 'uw-2013', 'Giuseppe Pignataro');