-- Seed data for underwater photography contest

INSERT OR IGNORE INTO categories (id, name, description) VALUES ('wide-angle', 'Wide Angle', 'Expansive underwater scenes, coral reefs, and seascapes that showcase the vastness of the underwater world');
INSERT OR IGNORE INTO categories (id, name, description) VALUES ('macro', 'Macro', 'Close-up photography of small marine life, textures, and intricate underwater details');
INSERT OR IGNORE INTO categories (id, name, description) VALUES ('black-and-white', 'Black & White', 'Monochrome underwater photography emphasizing contrast, composition, and artistic expression');
INSERT OR IGNORE INTO categories (id, name, description) VALUES ('black-background', 'Black Background', 'Underwater photography with black backgrounds emphasizing the subject against darkness');
INSERT OR IGNORE INTO categories (id, name, description) VALUES ('mediterranean', 'Mediterranean Portfolio', 'Portfolio of underwater photography from the Mediterranean Sea');
INSERT OR IGNORE INTO categories (id, name, description) VALUES ('storyboard', 'Storyboard', 'Storyboard');
INSERT OR IGNORE INTO categories (id, name, description) VALUES ('compact', 'Compact', 'Compact');
INSERT OR IGNORE INTO categories (id, name, description) VALUES ('molluscs', 'Molluscs', 'Molluscs');
INSERT OR IGNORE INTO categories (id, name, description) VALUES ('the-sea', 'The Sea', 'The Sea');
INSERT OR IGNORE INTO categories (id, name, description) VALUES ('dan-europe-photography-security', 'Dan Europe Photography Security', 'Dan Europe Photography Security');
INSERT OR IGNORE INTO categories (id, name, description) VALUES ('giovanni-smorti-award', 'Giovanni Smorti Award', 'Giovanni Smorti Award');
INSERT OR IGNORE INTO categories (id, name, description) VALUES ('seahorse', 'Seahorse', 'Seahorse');
INSERT OR IGNORE INTO categories (id, name, description) VALUES ('waves', 'Waves', 'Waves');
INSERT OR IGNORE INTO categories (id, name, description) VALUES ('newcomers', 'Newcomers', 'Newcomers');
INSERT OR IGNORE INTO categories (id, name, description) VALUES ('the-professions-of-the-sea', 'The Professions of the Sea', 'The Professions of the Sea');
INSERT OR IGNORE INTO categories (id, name, description) VALUES ('art-in-the-water', 'Art in the Water', 'Art in the Water');
INSERT OR IGNORE INTO categories (id, name, description) VALUES ('trabocchi-coast', 'Trabocchi Coast', 'Trabocchi Coast');
INSERT OR IGNORE INTO categories (id, name, description) VALUES ('environment', 'Environment', 'Environment');
INSERT OR IGNORE INTO categories (id, name, description) VALUES ('open', 'Open', 'Open');
INSERT OR IGNORE INTO categories (id, name, description) VALUES ('the-sea-in-motion', 'The Sea in Motion', 'The Sea in Motion');
INSERT OR IGNORE INTO categories (id, name, description) VALUES ('fresh-waters', 'Fresh Waters', 'Fresh water underwater photography featuring lakes, rivers, and freshwater life');
INSERT OR IGNORE INTO categories (id, name, description) VALUES ('dan-europe', 'Dan Europe', 'DAN Europe photography security and safety underwater photography');
INSERT OR IGNORE INTO categories (id, name, description) VALUES ('photo-journalism', 'Photo Journalism', 'Documentary underwater photography telling stories about marine conservation, human impact, and underwater events');
INSERT OR IGNORE INTO categories (id, name, description) VALUES ('pool', 'Pool', 'Underwater photography taken in swimming pools, featuring artistic underwater portraits and creative compositions');
INSERT OR IGNORE INTO categories (id, name, description) VALUES ('special-mention', 'Special Mention', 'Special mentions and honorable recognitions in the contest');

INSERT OR IGNORE INTO contests (id, name, description, year, status) VALUES ('uw-2025', 'UW Contest 2025', 'Annual underwater photography competition celebrating the beauty and diversity of marine life', 2025, 'active');
INSERT OR IGNORE INTO contests (id, name, description, year, status) VALUES ('uw-2024', 'UW Contest 2024', 'Annual underwater photography competition celebrating the beauty and diversity of marine life', 2024, 'inactive');
INSERT OR IGNORE INTO contests (id, name, description, year, status) VALUES ('uw-2014', 'UW Contest 2014', 'Annual underwater photography competition celebrating the beauty and diversity of marine life', 2014, 'inactive');
INSERT OR IGNORE INTO contests (id, name, description, year, status) VALUES ('uw-2015', 'UW Contest 2015', 'Annual underwater photography competition celebrating the beauty and diversity of marine life', 2015, 'inactive');
INSERT OR IGNORE INTO contests (id, name, description, year, status) VALUES ('uw-2016', 'UW Contest 2016', 'Annual underwater photography competition celebrating the beauty and diversity of marine life', 2016, 'inactive');
INSERT OR IGNORE INTO contests (id, name, description, year, status) VALUES ('uw-2017', 'UW Contest 2017', 'Annual underwater photography competition celebrating the beauty and diversity of marine life', 2017, 'inactive');
INSERT OR IGNORE INTO contests (id, name, description, year, status) VALUES ('uw-2018', 'UW Contest 2018', 'Annual underwater photography competition celebrating the beauty and diversity of marine life', 2018, 'inactive');
INSERT OR IGNORE INTO contests (id, name, description, year, status) VALUES ('uw-2019', 'UW Contest 2019', 'Annual underwater photography competition celebrating the beauty and diversity of marine life', 2019, 'inactive');
INSERT OR IGNORE INTO contests (id, name, description, year, status) VALUES ('uw-2013', 'UW Contest 2013', 'Annual underwater photography competition celebrating the beauty and diversity of marine life', 2013, 'inactive');
INSERT OR IGNORE INTO contests (id, name, description, year, status) VALUES ('uw-2009', 'UW Contest 2009', 'Annual underwater photography competition celebrating the beauty and diversity of marine life', 2009, 'inactive');

INSERT OR IGNORE INTO judges (id, contest_id, full_name) VALUES ('Qew_GXT6ByRP9a02UYr-E', 'uw-2024', 'Pietro Formis');
INSERT OR IGNORE INTO judges (id, contest_id, full_name) VALUES ('Xd1NtqPKjMBB97TSg4lGN', 'uw-2024', 'Domenico Roscigno');
INSERT OR IGNORE INTO judges (id, contest_id, full_name) VALUES ('trObnI07s5_06ee4K6pic', 'uw-2024', 'Pasquale Vassallo');
INSERT OR IGNORE INTO judges (id, contest_id, full_name) VALUES ('kkaRPl22uToXAqEqqojXt', 'uw-2014', 'Alberto Balbi');
INSERT OR IGNORE INTO judges (id, contest_id, full_name) VALUES ('wdqDLZL4OJzGii_dPcTzw', 'uw-2014', 'Franco Banfi');
INSERT OR IGNORE INTO judges (id, contest_id, full_name) VALUES ('A9kpiJvPvsDsSMUag5RJE', 'uw-2014', 'Paolo Fossati');
INSERT OR IGNORE INTO judges (id, contest_id, full_name) VALUES ('E82XKAtxj_ngNwTMe6TP8', 'uw-2015', 'Alberto Balbi');
INSERT OR IGNORE INTO judges (id, contest_id, full_name) VALUES ('eWLIqB8_Zu2eR45-EJReD', 'uw-2015', 'Franco Banfi');
INSERT OR IGNORE INTO judges (id, contest_id, full_name) VALUES ('1ssDWnVqpaGj8VyFh_tcg', 'uw-2015', 'Paolo Fossati');
INSERT OR IGNORE INTO judges (id, contest_id, full_name) VALUES ('wdo1BmvqZPpFkxrfWEybF', 'uw-2016', 'Marco Colombo');
INSERT OR IGNORE INTO judges (id, contest_id, full_name) VALUES ('UOo218F-3JDOZRBpqU234', 'uw-2016', 'Paolo Fossati');
INSERT OR IGNORE INTO judges (id, contest_id, full_name) VALUES ('Ly369HZDJoaYwVRUAbHU9', 'uw-2016', 'Davide Vezzaro');
INSERT OR IGNORE INTO judges (id, contest_id, full_name) VALUES ('1MsRPtoqOxajjX2NAmWfN', 'uw-2017', 'Marco Colombo');
INSERT OR IGNORE INTO judges (id, contest_id, full_name) VALUES ('drjFxLS4RJb6gbe_ffoPG', 'uw-2017', 'Marcello Di Francesco');
INSERT OR IGNORE INTO judges (id, contest_id, full_name) VALUES ('JCKnNtzhQGm81-t7kgxC5', 'uw-2017', 'Davide Vezzaro');
INSERT OR IGNORE INTO judges (id, contest_id, full_name) VALUES ('jvwhVRnbDRdDoPSMK9xWd', 'uw-2018', 'Domenico Roscigno');
INSERT OR IGNORE INTO judges (id, contest_id, full_name) VALUES ('5KlN8sTB3k7xZ3-P5z36K', 'uw-2018', 'Davide Vezzaro');
INSERT OR IGNORE INTO judges (id, contest_id, full_name) VALUES ('FO3Ahc6OGTg0psp7Sb8vZ', 'uw-2018', 'Massimo Zannini');
INSERT OR IGNORE INTO judges (id, contest_id, full_name) VALUES ('hYsSckCNXQTbMPsePXP1J', 'uw-2019', 'Isabella Maffei');
INSERT OR IGNORE INTO judges (id, contest_id, full_name) VALUES ('XrH1oGrDJapjI8U-Cn7V_', 'uw-2019', 'David Salvatori');
INSERT OR IGNORE INTO judges (id, contest_id, full_name) VALUES ('aX-6la0Vu-o7m6ByTsiCh', 'uw-2019', 'Massimo Zannini');
INSERT OR IGNORE INTO judges (id, contest_id, full_name) VALUES ('FvMKy3BqHcgAEa5svQYgd', 'uw-2013', 'Silvia Boccato');
INSERT OR IGNORE INTO judges (id, contest_id, full_name) VALUES ('O6-Jay0W2u8SUVu4bkOcg', 'uw-2013', 'Paolo Fossati');
INSERT OR IGNORE INTO judges (id, contest_id, full_name) VALUES ('pTvPUn_6TKD-c6ZaOf55j', 'uw-2013', 'Claudio Giulianini');
INSERT OR IGNORE INTO judges (id, contest_id, full_name) VALUES ('ZrYZfeUJo9CqVpdRCTw_D', 'uw-2013', 'Giuseppe Pignataro');