-- Seed data for underwater photography contest

INSERT OR IGNORE INTO categories (id, name, description) VALUES ('wide-angle', 'Wide Angle', 'Expansive underwater scenes, coral reefs, and seascapes that showcase the vastness of the underwater world');
INSERT OR IGNORE INTO categories (id, name, description) VALUES ('macro', 'Macro', 'Close-up photography of small marine life, textures, and intricate underwater details');
INSERT OR IGNORE INTO categories (id, name, description) VALUES ('black-and-white', 'Black & White', 'Monochrome underwater photography emphasizing contrast, composition, and artistic expression');
INSERT OR IGNORE INTO categories (id, name, description) VALUES ('mediterranean', 'Mediterranean Portfolio', 'Portfolio of underwater photography from the Mediterranean Sea');
INSERT OR IGNORE INTO categories (id, name, description) VALUES ('storyboard', 'Storyboard', 'Storyboard');
INSERT OR IGNORE INTO categories (id, name, description) VALUES ('compact', 'Compact', 'Compact');
INSERT OR IGNORE INTO categories (id, name, description) VALUES ('molluscs', 'Molluscs', 'Molluscs');
INSERT OR IGNORE INTO categories (id, name, description) VALUES ('the-sea', 'The Sea', 'The Sea');
INSERT OR IGNORE INTO categories (id, name, description) VALUES ('dan-europe-photography-security', 'Dan Europe Photography Security', 'Dan Europe Photography Security');
INSERT OR IGNORE INTO categories (id, name, description) VALUES ('giovanni-smorti-award', 'Giovanni Smorti Award', 'Giovanni Smorti Award');
INSERT OR IGNORE INTO categories (id, name, description) VALUES ('seahorse', 'Seahorse', 'Seahorse');
INSERT OR IGNORE INTO categories (id, name, description) VALUES ('waves', 'Waves', 'Waves');
INSERT OR IGNORE INTO categories (id, name, description) VALUES ('newcomers', 'Newcomers', 'Newcomers');
INSERT OR IGNORE INTO categories (id, name, description) VALUES ('the-professions-of-the-sea', 'The Professions of the Sea', 'The Professions of the Sea');
INSERT OR IGNORE INTO categories (id, name, description) VALUES ('art-in-the-water', 'Art in the Water', 'Art in the Water');
INSERT OR IGNORE INTO categories (id, name, description) VALUES ('trabocchi-coast', 'Trabocchi Coast', 'Trabocchi Coast');
INSERT OR IGNORE INTO categories (id, name, description) VALUES ('environment', 'Environment', 'Environment');
INSERT OR IGNORE INTO categories (id, name, description) VALUES ('open', 'Open', 'Open');
INSERT OR IGNORE INTO categories (id, name, description) VALUES ('the-sea-in-motion', 'The Sea in Motion', 'The Sea in Motion');
INSERT OR IGNORE INTO categories (id, name, description) VALUES ('fresh-waters', 'Fresh Waters', 'Fresh water underwater photography featuring lakes, rivers, and freshwater life');
INSERT OR IGNORE INTO categories (id, name, description) VALUES ('dan-europe', 'Dan Europe', 'DAN Europe photography security and safety underwater photography');

INSERT OR IGNORE INTO contests (id, name, description, start_date, end_date, is_active) VALUES ('uw-2025', 'UW Contest 2025', 'Annual underwater photography competition celebrating the beauty and diversity of marine life', '2025-01-01', '2025-12-31', true);
INSERT OR IGNORE INTO contests (id, name, description, start_date, end_date, is_active) VALUES ('uw-2024', 'UW Contest 2024', 'Annual underwater photography competition celebrating the beauty and diversity of marine life', '2024-01-01', '2024-12-31', false);
INSERT OR IGNORE INTO contests (id, name, description, start_date, end_date, is_active) VALUES ('uw-2015', 'UW Contest 2015', 'Annual underwater photography competition celebrating the beauty and diversity of marine life', '2015-01-01', '2015-12-31', false);
INSERT OR IGNORE INTO contests (id, name, description, start_date, end_date, is_active) VALUES ('uw-2016', 'UW Contest 2016', 'Annual underwater photography competition celebrating the beauty and diversity of marine life', '2016-01-01', '2016-12-31', false);
INSERT OR IGNORE INTO contests (id, name, description, start_date, end_date, is_active) VALUES ('uw-2017', 'UW Contest 2017', 'Annual underwater photography competition celebrating the beauty and diversity of marine life', '2017-01-01', '2017-12-31', false);
INSERT OR IGNORE INTO contests (id, name, description, start_date, end_date, is_active) VALUES ('uw-2018', 'UW Contest 2018', 'Annual underwater photography competition celebrating the beauty and diversity of marine life', '2018-01-01', '2018-12-31', false);
INSERT OR IGNORE INTO contests (id, name, description, start_date, end_date, is_active) VALUES ('uw-2019', 'UW Contest 2019', 'Annual underwater photography competition celebrating the beauty and diversity of marine life', '2019-01-01', '2019-12-31', false);

INSERT OR IGNORE INTO judges (id, contest_id, full_name) VALUES ('ipk0020PMb2DjvGrXOy9Z', 'uw-2024', 'Pietro Formis');
INSERT OR IGNORE INTO judges (id, contest_id, full_name) VALUES ('6N10P2Fgr52RXa17dG0Lp', 'uw-2024', 'Domenico Roscigno');
INSERT OR IGNORE INTO judges (id, contest_id, full_name) VALUES ('4jDbPiiPo6zP3d-JOMUZZ', 'uw-2024', 'Pasquale Vassallo');
INSERT OR IGNORE INTO judges (id, contest_id, full_name) VALUES ('1UYM6c42ozXEo0tfA4WRa', 'uw-2015', 'Alberto Balbi');
INSERT OR IGNORE INTO judges (id, contest_id, full_name) VALUES ('P4aXrEj_yBP04eJEdIftG', 'uw-2015', 'Franco Banfi');
INSERT OR IGNORE INTO judges (id, contest_id, full_name) VALUES ('XE6805_sCpAblyfdu9xxv', 'uw-2015', 'Paolo Fossati');
INSERT OR IGNORE INTO judges (id, contest_id, full_name) VALUES ('eQ2bdGPikYTWDJQ1726Bv', 'uw-2016', 'Marco Colombo');
INSERT OR IGNORE INTO judges (id, contest_id, full_name) VALUES ('80XGJmgG7PRyKVZJ6G8ui', 'uw-2016', 'Paolo Fossati');
INSERT OR IGNORE INTO judges (id, contest_id, full_name) VALUES ('2vycRkwRpnLOUKI-YlUh9', 'uw-2016', 'Davide Vezzaro');
INSERT OR IGNORE INTO judges (id, contest_id, full_name) VALUES ('Ym2xVeARvszhCYKtk9aZ6', 'uw-2017', 'Marco Colombo');
INSERT OR IGNORE INTO judges (id, contest_id, full_name) VALUES ('Rf8VTf2vyX91_Quw2EPpA', 'uw-2017', 'Marcello Di Francesco');
INSERT OR IGNORE INTO judges (id, contest_id, full_name) VALUES ('GuHI_FoQIqeesVwTExg4B', 'uw-2017', 'Davide Vezzaro');
INSERT OR IGNORE INTO judges (id, contest_id, full_name) VALUES ('3MS-qR-kmO1Hn4gdKINvf', 'uw-2018', 'Domenico Roscigno');
INSERT OR IGNORE INTO judges (id, contest_id, full_name) VALUES ('FbqtrARtuCjXvuoQDkXWY', 'uw-2018', 'Davide Vezzaro');
INSERT OR IGNORE INTO judges (id, contest_id, full_name) VALUES ('0N32-mSFV0Nnh-rCr6rrn', 'uw-2018', 'Massimo Zannini');
INSERT OR IGNORE INTO judges (id, contest_id, full_name) VALUES ('aBVMMXpxSLOsreYJjy-7h', 'uw-2019', 'Isabella Maffei');
INSERT OR IGNORE INTO judges (id, contest_id, full_name) VALUES ('b3uRlZgq9PEgDAv2-8Iu2', 'uw-2019', 'David Salvatori');
INSERT OR IGNORE INTO judges (id, contest_id, full_name) VALUES ('HFNbDU2CKOjUrkKRWGpuS', 'uw-2019', 'Massimo Zannini');